{"eval/steps_per_second":0.645,"_timestamp":1.7648085980057943e+09,"train/epoch":3,"train_samples_per_second":387.349,"eval/runtime":18.6172,"eval/samples_per_second":160.765,"_wandb":{"runtime":208},"total_flos":0,"train/global_step":315,"eval/accuracy":0.7781490087509155,"train_runtime":209.1137,"train_steps_per_second":1.506,"_step":3,"eval/loss":17.482097625732422,"_runtime":208,"train_loss":24.51518322172619}