{"_step":8,"eval/dev_cosine_accuracy":0.9041095972061157,"_wandb":{"runtime":616},"_runtime":616,"train/learning_rate":3e-06,"train/epoch":2.074688796680498,"train/loss":0.2168,"train/grad_norm":11.493095397949219,"train/global_step":3500,"eval/samples_per_second":171.561,"eval/steps_per_second":10.776,"eval/loss":0.2956751585006714,"eval/runtime":17.4457,"_timestamp":1.7648252842922091e+09}