{"train/grad_norm":8.397966384887695,"eval/dev_cosine_accuracy":0.908787190914154,"_timestamp":1.7648243784985516e+09,"_step":7,"_runtime":408,"eval/samples_per_second":229.329,"eval/runtime":13.0511,"train/loss":0.3245,"_wandb":{"runtime":408},"eval/steps_per_second":3.601,"eval/loss":0.4672676622867584,"train/global_step":2000,"train/learning_rate":3e-06,"train/epoch":4.750593824228028}