{"train/global_step":9,"eval/samples_per_second":160.996,"_runtime":160,"eval/loss":62.3330078125,"eval/runtime":18.5906,"train_samples_per_second":500.707,"train_runtime":161.7711,"train/epoch":3,"eval/accuracy":0.6695623397827148,"_timestamp":1.7648080329791186e+09,"_wandb":{"runtime":160},"train_loss":109.85366482204861,"eval/steps_per_second":0.645,"_step":3,"total_flos":0,"train_steps_per_second":0.056}