{"_step":18,"_wandb":{"runtime":820},"train/global_step":4210,"train_steps_per_second":5.125,"eval/accuracy":0.8643501400947571,"_timestamp":1.7648103085981836e+09,"eval/loss":2.403116464614868,"train/loss":1.2326,"eval/runtime":18.6071,"train/grad_norm":111.9969253540039,"train/learning_rate":1.503562945368171e-07,"train/epoch":10,"train_runtime":821.4362,"total_flos":0,"eval/steps_per_second":0.645,"train_samples_per_second":328.693,"train_loss":4.524385204904153,"eval/samples_per_second":160.853,"_runtime":820}