{"total_flos":0,"_runtime":157,"train_runtime":158.2289,"_step":3,"train_samples_per_second":511.917,"train_steps_per_second":1.991,"eval/loss":16.651243209838867,"train/epoch":3,"eval/runtime":18.6253,"eval/accuracy":0.7634480595588684,"train_loss":24.865966021825397,"train/global_step":315,"eval/steps_per_second":0.644,"_wandb":{"runtime":157},"_timestamp":1.7648088820894625e+09,"eval/samples_per_second":160.695}