{"eval/runtime":22.0304,"_wandb":{"runtime":1948},"train_steps_per_second":2.376,"eval/steps_per_second":2.133,"train_runtime":1949.3643,"train/learning_rate":3e-06,"train/loss":0.1014,"train/global_step":4631,"_step":20,"eval/dev_cosine_accuracy":0.9208152294158936,"eval/samples_per_second":135.858,"total_flos":0,"train_samples_per_second":152.357,"train_loss":0.28252231274174194,"train/grad_norm":6.420239448547363,"train/epoch":11,"_runtime":1948,"eval/loss":0.40185388922691345,"_timestamp":1.7648273065131176e+09}