{"train_loss":11.208182460999357,"train/global_step":1263,"train_runtime":317.5207,"eval/loss":12.301993370056152,"_step":5,"eval/accuracy":0.7995322346687317,"total_flos":0,"eval/steps_per_second":0.645,"train/grad_norm":741.0233764648438,"eval/samples_per_second":160.901,"train/learning_rate":6.270783847980998e-07,"eval/runtime":18.6015,"_timestamp":1.764809409064446e+09,"train_samples_per_second":255.102,"train/loss":8.2265,"_wandb":{"runtime":316},"train/epoch":3,"_runtime":316,"train_steps_per_second":3.978}