{"train/epoch":11,"_wandb":{"runtime":1802},"eval/steps_per_second":0.248,"total_flos":0,"train_runtime":1803.0657,"_runtime":1802,"eval/runtime":48.354,"eval/accuracy":0.902104914188385,"train_steps_per_second":2.568,"eval/samples_per_second":61.898,"_step":20,"eval/loss":1.0557705163955688,"train/global_step":4631,"train/grad_norm":53.71324157714844,"train_loss":2.133765263270158,"train_samples_per_second":164.719,"_timestamp":1.7648138555471532e+09,"train/learning_rate":3e-06,"train/loss":0.47}