{"train_samples_per_second":328.136,"train/epoch":11,"_step":20,"_runtime":903,"train/learning_rate":3e-06,"train_steps_per_second":5.116,"eval/accuracy":0.8890745043754578,"train/global_step":4631,"eval/samples_per_second":162.667,"train_runtime":905.1119,"eval/steps_per_second":0.652,"total_flos":0,"eval/runtime":18.3996,"train/loss":0.5544,"train_loss":3.592763618629042,"_wandb":{"runtime":903},"_timestamp":1.7648118208301735e+09,"eval/loss":1.2431304454803467,"train/grad_norm":41.22856903076172}