{"train/grad_norm":84.49089813232422,"train/epoch":12,"eval/samples_per_second":158.287,"_wandb":{"runtime":442},"_runtime":442,"eval/runtime":18.9086,"eval/loss":1.9632534980773926,"eval/accuracy":0.8319411873817444,"eval/steps_per_second":0.635,"train/learning_rate":1.5605769230769233e-06,"train/global_step":624,"train/loss":16.0998,"_step":12,"_timestamp":1.7648108202465253e+09}